{
    "utterances": [
        {
            "text": "How can you help me?",
            "entities": [],
            "traits": [],
            "intent": "get_help"
        },
        {
            "text": "I changed my mind don't post",
            "entities": [],
            "traits": [],
            "intent": "no_confirmation"
        },
        {
            "text": "I need to login",
            "entities": [],
            "traits": [],
            "intent": "login"
        },
        {
            "text": "I want an account",
            "entities": [],
            "traits": [],
            "intent": "register"
        },
        {
            "text": "I want to log out",
            "entities": [],
            "traits": [],
            "intent": "logout"
        },
        {
            "text": "I want to login",
            "entities": [],
            "traits": [],
            "intent": "login"
        },
        {
            "text": "I want to make an account",
            "entities": [],
            "traits": [],
            "intent": "register"
        },
        {
            "text": "I want to register",
            "entities": [],
            "traits": [],
            "intent": "register"
        },
        {
            "text": "I want to sign out",
            "entities": [],
            "traits": [],
            "intent": "logout"
        },
        {
            "text": "I want to sign up",
            "entities": [],
            "traits": [],
            "intent": "register"
        },
        {
            "text": "I would like to login",
            "entities": [],
            "traits": [],
            "intent": "login"
        },
        {
            "text": "I would like to register",
            "entities": [],
            "traits": [],
            "intent": "register"
        },
        {
            "text": "Last message from humanities hubbub",
            "entities": [
                {
                    "entity": "chatroomName:chatroomName",
                    "start": 18,
                    "end": 35,
                    "body": "humanities hubbub",
                    "entities": []
                }
            ],
            "traits": [],
            "intent": "get_messages"
        },
        {
            "text": "Let me login",
            "entities": [],
            "traits": [],
            "intent": "login"
        },
        {
            "text": "What is it that you can do?",
            "entities": [],
            "traits": [],
            "intent": "get_help"
        },
        {
            "text": "am I logged in",
            "entities": [],
            "traits": [],
            "intent": "whoami"
        },
        {
            "text": "can you log me in?",
            "entities": [],
            "traits": [],
            "intent": "login"
        },
        {
            "text": "chatrooms",
            "entities": [],
            "traits": [],
            "intent": "get_chatrooms"
        },
        {
            "text": "create a post",
            "entities": [],
            "traits": [],
            "intent": "create_message"
        },
        {
            "text": "create a post in witte",
            "entities": [
                {
                    "entity": "chatroomName:chatroomName",
                    "start": 17,
                    "end": 22,
                    "body": "witte",
                    "entities": []
                }
            ],
            "traits": [],
            "intent": "create_message"
        },
        {
            "text": "don't post",
            "entities": [],
            "traits": [],
            "intent": "no_confirmation"
        },
        {
            "text": "get chatrooms",
            "entities": [],
            "traits": [],
            "intent": "get_chatrooms"
        },
        {
            "text": "get help",
            "entities": [],
            "traits": [],
            "intent": "get_help"
        },
        {
            "text": "get last message",
            "entities": [],
            "traits": [],
            "intent": "get_messages"
        },
        {
            "text": "get me the latest message",
            "entities": [],
            "traits": [],
            "intent": "get_messages"
        },
        {
            "text": "give me 6 messages from Red Gym Rendezvous",
            "entities": [
                {
                    "entity": "Quantity:Quantity",
                    "start": 8,
                    "end": 9,
                    "body": "6",
                    "entities": []
                },
                {
                    "entity": "chatroomName:chatroomName",
                    "start": 24,
                    "end": 42,
                    "body": "Red Gym Rendezvous",
                    "entities": []
                }
            ],
            "traits": [],
            "intent": "get_messages"
        },
        {
            "text": "give me chatroom names",
            "entities": [],
            "traits": [],
            "intent": "get_chatrooms"
        },
        {
            "text": "give me last 20 posts",
            "entities": [
                {
                    "entity": "Quantity:Quantity",
                    "start": 13,
                    "end": 15,
                    "body": "20",
                    "entities": []
                }
            ],
            "traits": [],
            "intent": "get_messages"
        },
        {
            "text": "give me my username",
            "entities": [],
            "traits": [],
            "intent": "whoami"
        },
        {
            "text": "help",
            "entities": [],
            "traits": [],
            "intent": "get_help"
        },
        {
            "text": "help me",
            "entities": [],
            "traits": [],
            "intent": "get_help"
        },
        {
            "text": "hlp",
            "entities": [],
            "traits": [],
            "intent": "get_help"
        },
        {
            "text": "last 10 messages",
            "entities": [
                {
                    "entity": "Quantity:Quantity",
                    "start": 5,
                    "end": 7,
                    "body": "10",
                    "entities": []
                }
            ],
            "traits": [],
            "intent": "get_messages"
        },
        {
            "text": "last 3 messages",
            "entities": [
                {
                    "entity": "Quantity:Quantity",
                    "start": 5,
                    "end": 6,
                    "body": "3",
                    "entities": []
                }
            ],
            "traits": [],
            "intent": "get_messages"
        },
        {
            "text": "last 4 messages",
            "entities": [
                {
                    "entity": "Quantity:Quantity",
                    "start": 5,
                    "end": 6,
                    "body": "4",
                    "entities": []
                }
            ],
            "traits": [],
            "intent": "get_messages"
        },
        {
            "text": "last 5 posts in red gym",
            "entities": [
                {
                    "entity": "Quantity:Quantity",
                    "start": 5,
                    "end": 6,
                    "body": "5",
                    "entities": []
                },
                {
                    "entity": "chatroomName:chatroomName",
                    "start": 16,
                    "end": 23,
                    "body": "red gym",
                    "entities": []
                }
            ],
            "traits": [],
            "intent": "get_messages"
        },
        {
            "text": "last 9 messages",
            "entities": [
                {
                    "entity": "Quantity:Quantity",
                    "start": 5,
                    "end": 6,
                    "body": "9",
                    "entities": []
                }
            ],
            "traits": [],
            "intent": "get_messages"
        },
        {
            "text": "last message",
            "entities": [],
            "traits": [],
            "intent": "get_messages"
        },
        {
            "text": "last post",
            "entities": [],
            "traits": [],
            "intent": "get_messages"
        },
        {
            "text": "last ten messages",
            "entities": [
                {
                    "entity": "Quantity:Quantity",
                    "start": 5,
                    "end": 8,
                    "body": "ten",
                    "entities": []
                }
            ],
            "traits": [],
            "intent": "get_messages"
        },
        {
            "text": "let me login",
            "entities": [],
            "traits": [],
            "intent": "login"
        },
        {
            "text": "log me out",
            "entities": [],
            "traits": [],
            "intent": "logout"
        },
        {
            "text": "log out",
            "entities": [],
            "traits": [],
            "intent": "logout"
        },
        {
            "text": "login",
            "entities": [],
            "traits": [],
            "intent": "login"
        },
        {
            "text": "login details",
            "entities": [],
            "traits": [],
            "intent": "whoami"
        },
        {
            "text": "logout",
            "entities": [],
            "traits": [],
            "intent": "logout"
        },
        {
            "text": "make a post in mem u",
            "entities": [
                {
                    "entity": "chatroomName:chatroomName",
                    "start": 15,
                    "end": 20,
                    "body": "mem u",
                    "entities": []
                }
            ],
            "traits": [],
            "intent": "create_message"
        },
        {
            "text": "nah",
            "entities": [],
            "traits": [],
            "intent": "no_confirmation"
        },
        {
            "text": "names of chatrooms please",
            "entities": [],
            "traits": [],
            "intent": "get_chatrooms"
        },
        {
            "text": "no",
            "entities": [],
            "traits": [],
            "intent": "no_confirmation"
        },
        {
            "text": "no I don't want to post",
            "entities": [],
            "traits": [],
            "intent": "no_confirmation"
        },
        {
            "text": "open up login",
            "entities": [],
            "traits": [],
            "intent": "login"
        },
        {
            "text": "please don't post",
            "entities": [],
            "traits": [],
            "intent": "no_confirmation"
        },
        {
            "text": "please help me",
            "entities": [],
            "traits": [],
            "intent": "get_help"
        },
        {
            "text": "please help me out",
            "entities": [],
            "traits": [],
            "intent": "get_help"
        },
        {
            "text": "post a message to red gym",
            "entities": [
                {
                    "entity": "chatroomName:chatroomName",
                    "start": 18,
                    "end": 25,
                    "body": "red gym",
                    "entities": []
                }
            ],
            "traits": [],
            "intent": "create_message"
        },
        {
            "text": "post a message to witte",
            "entities": [
                {
                    "entity": "chatroomName:chatroomName",
                    "start": 18,
                    "end": 23,
                    "body": "witte",
                    "entities": []
                }
            ],
            "traits": [],
            "intent": "create_message"
        },
        {
            "text": "post in bascom",
            "entities": [
                {
                    "entity": "chatroomName:chatroomName",
                    "start": 8,
                    "end": 14,
                    "body": "bascom",
                    "entities": []
                }
            ],
            "traits": [],
            "intent": "create_message"
        },
        {
            "text": "post to red gym",
            "entities": [
                {
                    "entity": "chatroomName:chatroomName",
                    "start": 8,
                    "end": 15,
                    "body": "red gym",
                    "entities": []
                }
            ],
            "traits": [],
            "intent": "create_message"
        },
        {
            "text": "register",
            "entities": [],
            "traits": [],
            "intent": "register"
        },
        {
            "text": "register pls",
            "entities": [],
            "traits": [],
            "intent": "register"
        },
        {
            "text": "show last message from Memorial Union Meetups",
            "entities": [
                {
                    "entity": "chatroomName:chatroomName",
                    "start": 23,
                    "end": 45,
                    "body": "Memorial Union Meetups",
                    "entities": []
                }
            ],
            "traits": [],
            "intent": "get_messages"
        },
        {
            "text": "show me which chatrooms you have",
            "entities": [],
            "traits": [],
            "intent": "get_chatrooms"
        },
        {
            "text": "sign in",
            "entities": [],
            "traits": [],
            "intent": "login"
        },
        {
            "text": "sign me up",
            "entities": [],
            "traits": [],
            "intent": "register"
        },
        {
            "text": "sign out",
            "entities": [],
            "traits": [],
            "intent": "logout"
        },
        {
            "text": "sign up",
            "entities": [],
            "traits": [],
            "intent": "register"
        },
        {
            "text": "take me to sign up",
            "entities": [],
            "traits": [],
            "intent": "register"
        },
        {
            "text": "what can I do",
            "entities": [],
            "traits": [],
            "intent": "get_help"
        },
        {
            "text": "what chatrooms are there",
            "entities": [],
            "traits": [],
            "intent": "get_chatrooms"
        },
        {
            "text": "what chatrooms do you have?",
            "entities": [],
            "traits": [],
            "intent": "get_chatrooms"
        },
        {
            "text": "what's my login",
            "entities": [],
            "traits": [],
            "intent": "whoami"
        },
        {
            "text": "what's my username?",
            "entities": [],
            "traits": [],
            "intent": "whoami"
        },
        {
            "text": "who am I",
            "entities": [],
            "traits": [],
            "intent": "whoami"
        },
        {
            "text": "who am I logged in as",
            "entities": [],
            "traits": [],
            "intent": "whoami"
        },
        {
            "text": "write a message in witte",
            "entities": [
                {
                    "entity": "chatroomName:chatroomName",
                    "start": 19,
                    "end": 24,
                    "body": "witte",
                    "entities": []
                }
            ],
            "traits": [],
            "intent": "create_message"
        },
        {
            "text": "write a post in humanities",
            "entities": [
                {
                    "entity": "chatroomName:chatroomName",
                    "start": 16,
                    "end": 26,
                    "body": "humanities",
                    "entities": []
                }
            ],
            "traits": [],
            "intent": "create_message"
        },
        {
            "text": "write in babcock",
            "entities": [
                {
                    "entity": "chatroomName:chatroomName",
                    "start": 9,
                    "end": 16,
                    "body": "babcock",
                    "entities": []
                }
            ],
            "traits": [],
            "intent": "create_message"
        },
        {
            "text": "y",
            "entities": [],
            "traits": [],
            "intent": "confirmation"
        },
        {
            "text": "yeah",
            "entities": [],
            "traits": [],
            "intent": "confirmation"
        },
        {
            "text": "yes",
            "entities": [],
            "traits": [],
            "intent": "confirmation"
        },
        {
            "text": "yes please",
            "entities": [],
            "traits": [],
            "intent": "confirmation"
        },
        {
            "text": "yes post it",
            "entities": [],
            "traits": [],
            "intent": "confirmation"
        },
        {
            "text": "yes!",
            "entities": [],
            "traits": [],
            "intent": "confirmation"
        },
        {
            "text": "yess",
            "entities": [],
            "traits": [],
            "intent": "confirmation"
        },
        {
            "text": "yesss",
            "entities": [],
            "traits": [],
            "intent": "confirmation"
        }
    ]
}
