{
    "name": "chatroomName",
    "roles": [
        "chatroomName"
    ],
    "lookups": [
        "keywords"
    ],
    "keywords": [
        {
            "keyword": "Babcock Banter",
            "synonyms": [
                "Babcock Banter",
                "babcock"
            ]
        },
        {
            "keyword": "Bascom Hill Hangout",
            "synonyms": [
                "Bascom Hill Hangout",
                "bascom"
            ]
        },
        {
            "keyword": "Chadbourne Chats",
            "synonyms": [
                "Chadbourne Chats",
                "chad",
                "chadbourne"
            ]
        },
        {
            "keyword": "Humanities Hubbub",
            "synonyms": [
                "humanities",
                "humanities hubbub"
            ]
        },
        {
            "keyword": "Memorial Union Meetups",
            "synonyms": [
                "mem u",
                "memorial",
                "memorial union",
                "memorial union meetups",
                "union"
            ]
        },
        {
            "keyword": "Red Gym Rendezvous",
            "synonyms": [
                "red gym",
                "red gym rendezvous"
            ]
        },
        {
            "keyword": "Witte Whispers",
            "synonyms": [
                "Witte Whispers",
                "witte"
            ]
        }
    ]
}
